Long-Term Treasury Schedule for $STORE,,,,,,
Date,"Estimated 1,000-Year Long-term Treasury",Rewards for the //Second Governance test network,Estimated Team and Advisor Emissions,Estimated Token Sales,Estimated 100-Year Ecosystem Emissions,Inflationary Block Rewards
"May , 2017",0,0,"1,354,167",0,"625,000",0
"Jun , 2017",0,0,"2,708,333",0,"1,250,000",0
"Jul , 2017",0,0,"4,681,250",0,"3,125,000",0
"Aug , 2017",0,0,"6,241,667",0,"17,866,667",0
"Sep , 2017",0,0,"7,802,083",0,"18,908,333",0
"Oct , 2017",0,0,"10,112,500",0,"19,950,000",0
"Nov , 2017",0,0,"11,797,917",0,"20,991,667",0
"Dec , 2017",0,0,"13,483,333","66,853,786","22,033,333",0
"Jan , 2018",0,0,"15,168,750","66,853,786","23,075,000",0
"Feb , 2018",0,0,"16,854,167","66,853,786","24,116,667",0
"Mar , 2018",0,0,"18,539,583","66,853,786","25,200,000",0
"Apr , 2018",0,0,"20,251,042","66,853,786","26,283,333",0
"May , 2018",0,0,"22,141,867","66,853,786","27,366,667",0
"Jun , 2018",0,0,"24,923,401","66,853,786","28,450,000",0
"Jul , 2018",0,0,"26,727,503","66,853,786","30,297,168",0
"Aug , 2018",0,0,"28,813,005","66,853,786","31,386,133",0
"Sep , 2018",0,0,"30,647,252","66,853,786","32,469,466",0
"Oct , 2018",0,0,"32,632,201","66,853,786","33,552,799",0
"Nov , 2018",0,0,"34,747,847","66,853,786","34,636,133",0
"Dec , 2018",0,0,"39,189,285","125,560,542","35,719,466",0
"Jan , 2019",0,0,"44,003,368","125,560,542","36,802,799",0
"Feb , 2019",0,0,"46,108,559","125,560,542","37,886,133",0
"Mar , 2019",0,0,"48,838,751","125,560,542","38,969,466",0
"Apr , 2019",0,0,"51,247,237","125,560,542","40,052,799",0
"May , 2019",0,0,"53,401,564","125,560,542","41,404,931",0
"Jun , 2019",0,0,"55,596,392","125,560,542","42,536,735",0
"Jul , 2019",0,0,"57,727,740","125,560,542","45,190,482",0
"Aug , 2019",0,0,"59,818,896","125,560,542","46,286,316",0
"Sep , 2019",0,0,"61,996,904","125,560,542","47,382,149",0
"Oct , 2019",0,0,"64,280,925","125,560,542","48,477,982",0
"Nov , 2019",0,0,"66,430,676","125,560,542","49,573,816",0
"Dec , 2019",0,0,"68,520,138","152,206,381","55,459,171",0
"Jan , 2020",0,0,"70,802,664","152,206,381","92,767,607",0
"Feb , 2020",0,0,"73,004,460","152,206,381","93,879,426",0
"Mar , 2020",0,0,"74,758,639","152,206,381","94,949,578",0
"Apr , 2020",0,0,"76,450,401","152,206,381","96,019,730",0
"May , 2020",0,0,"78,142,163","152,206,381","97,089,882",0
"Jun , 2020",0,0,"79,854,758","152,206,381","98,160,034",0
"Jul , 2020",0,0,"81,567,353","152,206,381","99,230,186",0
"Aug , 2020",0,0,"84,330,879","152,206,381","101,805,525",0
"Sep , 2020",0,0,"87,288,154","152,206,381","103,000,677",0
"Oct , 2020",0,0,"89,267,596","152,206,381","104,622,057",0
"Nov , 2020",0,0,"91,721,496","152,206,381","105,763,119",0
"Dec , 2020",0,0,"93,374,290","179,869,549","110,210,448",0
"Jan , 2021",0,0,"96,203,363","183,448,120","112,532,351",0
"Feb , 2021",0,0,"99,018,597","196,771,311","117,826,626",0
"Mar , 2021",0,0,"101,073,414","218,671,392","121,283,416",0
"Apr , 2021",0,0,"103,700,570","226,045,367","123,945,824",0
"May , 2021",0,0,"106,477,526","228,737,846","126,199,508",0
"Jun , 2021",0,0,"108,656,317","228,737,846","128,098,321",0
"Jul , 2021",0,0,"110,810,243","228,737,846","129,953,059",0
"Aug , 2021",0,0,"113,223,561","228,737,846","140,802,798",0
"Sep , 2021",0,0,"115,590,730","228,737,846","152,701,611",0
"Oct , 2021",0,0,"117,707,560","234,838,000","156,966,606",0
"Nov , 2021",0,0,"120,072,784","234,838,000","168,816,345",0
"Dec , 2021",0,0,"122,407,623","234,838,000","170,699,172",0
"Jan , 2022",0,0,"124,477,145","234,838,000","173,019,524",0
"Feb , 2022",0,0,"126,789,625","234,838,000","175,338,626",0
"Mar , 2022",0,0,"129,058,043","234,838,000","177,706,802",0
"Apr , 2022",0,0,"131,456,732","234,838,000","180,006,321",0
"May , 2022",0,0,"133,719,212","234,838,000","182,304,589",0
"Jun , 2022",0,"500,000","135,860,547","247,633,778","184,651,932",0
"Jul , 2022",0,"500,000","138,175,902","247,633,778","186,951,451",0
"Aug , 2022",0,"500,000","140,056,091","247,633,778","189,249,719",0
"Sep , 2022",0,"1,000,000","142,021,384","247,633,778","191,167,557",0
"Oct , 2022",0,"1,000,000","144,023,200","247,633,778","193,037,571",0
"Nov , 2022",0,"1,000,000","145,715,859","247,633,778","194,906,335",0
"Dec , 2022","12,500","1,500,000","147,407,623","247,633,778","196,824,172","833,333"
"Jan , 2023","25,000","1,500,000","149,223,655","247,633,778","199,147,781","1,666,667"
"Feb , 2023","37,500","1,500,000","150,843,854","247,633,778","201,470,140","2,500,000"
"Mar , 2023","50,000","2,000,000","152,540,615","247,633,778","203,794,194","3,333,333"
"Apr , 2023","62,500","2,000,000","154,299,876","247,633,778","206,117,802","4,166,667"
"May , 2023","75,000","2,000,000","155,865,387","247,633,778","208,440,161","5,000,000"
"Jun , 2023","87,500","2,500,000","157,539,231","260,429,556","210,762,520","5,833,333"
"Jul , 2023","100,000","2,500,000","159,288,076","260,429,556","213,086,129","6,666,667"
"Aug , 2023","112,500","2,500,000","160,836,604","260,429,556","215,408,487","7,500,000"
"Sep , 2023","125,000","3,000,000","162,497,327","260,429,556","217,730,846","8,333,333"
"Oct , 2023","137,500","3,000,000","164,233,051","260,429,556","220,054,455","9,166,667"
"Nov , 2023","150,000","3,000,000","165,775,024","260,429,556","222,376,814","10,000,000"
"Dec , 2023","162,500","3,500,000","167,407,623","260,429,556","224,699,172","11,250,000"
"Jan , 2024","175,000","3,500,000","168,870,904","260,429,556","226,356,360","12,500,000"
"Feb , 2024","187,500","3,500,000","170,327,935","260,429,556","228,012,297","13,750,000"
"Mar , 2024","200,000","4,000,000","171,873,508","260,429,556","229,668,235","15,000,000"
"Apr , 2024","212,500","4,000,000","173,334,706","260,429,556","231,325,422","16,250,000"
"May , 2024","225,000","4,000,000","174,789,654","260,429,556","232,981,360","17,500,000"
"Jun , 2024","237,500","4,000,000","176,288,352","273,225,333","234,637,297","18,750,000"
"Jul , 2024","250,000","4,000,000","177,749,550","273,225,333","236,294,485","20,000,000"
"Aug , 2024","262,500","4,000,000","179,204,498","273,225,333","237,950,422","21,250,000"
"Sep , 2024","275,000","4,000,000","180,703,196","273,225,333","239,606,360","22,500,000"
"Oct , 2024","287,500","4,000,000","182,164,394","273,225,333","241,262,297","23,750,000"
"Nov , 2024","300,000","4,000,000","183,536,008","273,225,333","242,918,235","25,000,000"
"Dec , 2024","312,500","4,000,000","184,907,623","273,225,333","244,574,172","26,666,667"
"Jan , 2025","325,000","4,000,000","186,324,290","273,225,333","246,230,422","28,333,333"
"Feb , 2025","337,500","4,000,000","187,740,956","273,225,333","247,886,672","30,000,000"
"Mar , 2025","350,000","4,000,000","189,157,623","273,225,333","249,542,922","31,666,667"
"Apr , 2025","362,500","4,000,000","190,574,290","273,225,333","251,199,172","33,333,333"
"May , 2025","375,000","4,000,000","190,740,956","273,225,333","252,230,422","35,000,000"
"Jun , 2025","387,500","4,000,000","190,907,623","286,021,111","253,261,672","36,666,667"
"Jul , 2025","400,000","4,000,000","191,074,290","286,021,111","254,292,922","38,333,333"
"Aug , 2025","412,500","4,000,000","191,240,956","286,021,111","255,324,172","40,000,000"
"Sep , 2025","425,000","4,000,000","191,407,623","286,021,111","256,355,422","41,666,667"
"Oct , 2025","437,500","4,000,000","191,574,290","286,021,111","257,386,672","43,333,333"
"Nov , 2025","450,000","4,000,000","191,740,956","286,021,111","258,417,922","45,000,000"
"Dec , 2025","462,500","4,000,000","191,907,623","286,021,111","259,449,172","46,666,667"
"Jan , 2026","475,000","4,000,000","192,157,623","286,021,111","260,438,756","48,333,333"
"Feb , 2026","487,500","4,000,000","192,407,623","286,021,111","261,428,339","50,000,000"
"Mar , 2026","500,000","4,000,000","192,657,623","286,021,111","262,417,922","51,666,667"
"Apr , 2026","512,500","4,000,000","192,907,623","286,021,111","263,407,506","53,333,333"
"May , 2026","525,000","4,000,000","193,157,623","286,021,111","264,397,089","55,000,000"
"Jun , 2026","537,500","4,000,000","193,407,623","298,816,889","265,386,672","56,666,667"
"Jul , 2026","550,000","4,000,000","193,657,623","298,816,889","266,376,256","58,333,333"
"Aug , 2026","562,500","4,000,000","193,907,623","298,816,889","267,365,839","60,000,000"
"Sep , 2026","575,000","4,000,000","194,157,623","298,816,889","268,355,422","61,666,667"
"Oct , 2026","587,500","4,000,000","194,407,623","298,816,889","269,345,006","63,333,333"
"Nov , 2026","600,000","4,000,000","194,657,623","298,816,889","270,334,589","65,000,000"
"Dec , 2026","612,500","4,000,000","194,907,623","298,816,889","271,324,172","66,666,667"
"Jan , 2027","625,000","4,000,000","195,049,706","298,816,889","272,313,756","68,333,333"
"Feb , 2027","637,500","4,000,000","195,191,790","298,816,889","273,303,339","70,000,000"
"Mar , 2027","650,000","4,000,000","195,333,873","298,816,889","274,292,922","71,666,667"
"Apr , 2027","662,500","4,000,000","195,475,956","298,816,889","275,282,506","73,333,333"
"May , 2027","675,000","4,000,000","195,618,040","298,816,889","276,272,089","75,000,000"
"Jun , 2027","687,500","4,000,000","195,760,123","311,612,667","277,261,672","76,666,667"
"Jul , 2027","700,000","4,000,000","195,902,206","311,612,667","278,251,256","78,333,333"
"Aug , 2027","712,500","4,000,000","196,044,290","311,612,667","279,240,839","80,000,000"
"Sep , 2027","725,000","4,000,000","196,186,373","311,612,667","280,230,422","81,666,667"
"Oct , 2027","737,500","4,000,000","196,328,456","311,612,667","281,220,006","83,333,333"
"Nov , 2027","750,000","4,000,000","196,470,540","311,612,667","282,209,589","85,000,000"
"Dec , 2027","762,500","4,000,000","196,612,623","311,612,667","283,199,172","86,666,667"
"Jan , 2028","775,000","4,000,000","196,654,290","311,612,667","283,772,089","88,333,333"
"Feb , 2028","787,500","4,000,000","196,695,956","311,612,667","284,345,006","90,000,000"
"Mar , 2028","800,000","4,000,000","196,737,623","311,612,667","284,917,922","91,666,667"
"Apr , 2028","812,500","4,000,000","196,779,290","311,612,667","285,490,839","93,333,333"
"May , 2028","825,000","4,000,000","196,820,956","311,612,667","286,063,756","95,000,000"
"Jun , 2028","837,500","4,000,000","196,862,623","324,408,444","286,636,672","96,666,667"
"Jul , 2028","850,000","4,000,000","196,904,290","324,408,444","287,209,589","98,333,333"
"Aug , 2028","862,500","4,000,000","196,945,956","324,408,444","287,782,506","100,000,000"
"Sep , 2028","875,000","4,000,000","196,987,623","324,408,444","288,355,422","101,666,667"
"Oct , 2028","887,500","4,000,000","197,029,290","324,408,444","288,928,339","103,333,333"
"Nov , 2028","900,000","4,000,000","197,070,956","324,408,444","289,501,256","105,000,000"
"Dec , 2028","912,500","4,000,000","197,112,623","324,408,444","290,074,172","106,666,667"
"Jan , 2029","925,000","4,000,000","197,154,290","324,408,444","290,386,672","108,333,333"
"Feb , 2029","937,500","4,000,000","197,195,956","324,408,444","290,699,172","110,000,000"
"Mar , 2029","950,000","4,000,000","197,237,623","324,408,444","291,011,672","111,666,667"
"Apr , 2029","962,500","4,000,000","197,279,290","324,408,444","291,324,172","113,333,333"
"May , 2029","975,000","4,000,000","197,320,956","324,408,444","291,636,672","115,000,000"
"Jun , 2029","987,500","4,000,000","197,362,623","337,204,222","291,949,172","116,666,667"
"Jul , 2029","1,000,000","4,000,000","197,404,290","337,204,222","292,261,672","118,333,333"
"Aug , 2029","1,012,500","4,000,000","197,445,956","337,204,222","292,574,172","120,000,000"
"Sep , 2029","1,025,000","4,000,000","197,487,623","337,204,222","292,886,672","121,666,667"
"Oct , 2029","1,037,500","4,000,000","197,529,290","337,204,222","293,199,172","123,333,333"
"Nov , 2029","1,050,000","4,000,000","197,570,956","337,204,222","293,511,672","125,000,000"
"Dec , 2029","1,062,500","4,000,000","197,612,623","337,204,222","293,824,172","126,666,667"
"Jan , 2030","1,075,000","4,000,000","197,654,299","337,204,222","294,162,764","128,333,333"
"Feb , 2030","1,087,500","4,000,000","197,695,975","337,204,222","294,501,355","130,000,000"
"Mar , 2030","1,100,000","4,000,000","197,737,650","337,204,222","294,839,946","131,666,667"
"Apr , 2030","1,112,500","4,000,000","197,779,326","337,204,222","295,178,537","133,333,333"
"May , 2030","1,125,000","4,000,000","197,821,002","337,204,222","295,517,129","135,000,000"
"Jun , 2030","1,137,500","4,000,000","197,862,678","350,000,000","295,855,720","136,666,667"
"Jul , 2030","1,150,000","4,000,000","197,904,354","350,000,000","296,194,311","138,333,333"
"Aug , 2030","1,162,500","4,000,000","197,946,030","350,000,000","296,532,902","140,000,000"
"Sep , 2030","1,175,000","4,000,000","197,987,705","350,000,000","296,871,494","141,666,667"
"Oct , 2030","1,187,500","4,000,000","198,029,381","350,000,000","297,210,085","143,333,333"
"Nov , 2030","1,200,000","4,000,000","198,071,057","350,000,000","297,548,676","145,000,000"
"Dec , 2030","1,212,500","4,000,000","198,112,733","350,000,000","297,887,267","146,666,667"
"Jan , 2031","1,225,000","4,000,000","198,112,733","350,000,000","297,887,267","148,333,333"
"Feb , 2031","1,237,500","4,000,000","198,112,733","350,000,000","297,887,267","150,000,000"
"Mar , 2031","1,250,000","4,000,000","198,112,733","350,000,000","297,887,267","151,666,667"
"Apr , 2031","1,262,500","4,000,000","198,112,733","350,000,000","297,887,267","153,333,333"
"May , 2031","1,275,000","4,000,000","198,112,733","350,000,000","297,887,267","155,000,000"
"Jun , 2031","1,287,500","4,000,000","198,112,733","350,000,000","297,887,267","156,666,667"
"Jul , 2031","1,300,000","4,000,000","198,112,733","350,000,000","297,887,267","158,333,333"
"Aug , 2031","1,312,500","4,000,000","198,112,733","350,000,000","297,887,267","160,000,000"
"Sep , 2031","1,325,000","4,000,000","198,112,733","350,000,000","297,887,267","161,666,667"
"Oct , 2031","1,337,500","4,000,000","198,112,733","350,000,000","297,887,267","163,333,333"
"Nov , 2031","1,350,000","4,000,000","198,112,733","350,000,000","297,887,267","165,000,000"
"Dec , 2031","1,362,500","4,000,000","198,112,733","350,000,000","297,887,267","166,666,667"
"Jan , 2032","1,375,000","4,000,000","198,112,733","350,000,000","297,887,267","168,333,333"
"Feb , 2032","1,387,500","4,000,000","198,112,733","350,000,000","297,887,267","170,000,000"
"Mar , 2032","1,400,000","4,000,000","198,112,733","350,000,000","297,887,267","171,666,667"
"Apr , 2032","1,412,500","4,000,000","198,112,733","350,000,000","297,887,267","173,333,333"
"May , 2032","1,425,000","4,000,000","198,112,733","350,000,000","297,887,267","175,000,000"
"Jun , 2032","1,437,500","4,000,000","198,112,733","350,000,000","297,887,267","176,666,667"
"Jul , 2032","1,450,000","4,000,000","198,112,733","350,000,000","297,887,267","178,333,333"
"Aug , 2032","1,462,500","4,000,000","198,112,733","350,000,000","297,887,267","180,000,000"
"Sep , 2032","1,475,000","4,000,000","198,112,733","350,000,000","297,887,267","181,666,667"
"Oct , 2032","1,487,500","4,000,000","198,112,733","350,000,000","297,887,267","183,333,333"
"Nov , 2032","1,500,000","4,000,000","198,112,733","350,000,000","297,887,267","185,000,000"
"Dec , 2032","1,512,500","4,000,000","198,112,733","350,000,000","297,887,267","186,666,667"
"Jan , 2033","1,525,000","4,000,000","198,112,733","350,000,000","297,887,267","188,333,333"
"Feb , 2033","1,537,500","4,000,000","198,112,733","350,000,000","297,887,267","190,000,000"
"Mar , 2033","1,550,000","4,000,000","198,112,733","350,000,000","297,887,267","191,666,667"
"Apr , 2033","1,562,500","4,000,000","198,112,733","350,000,000","297,887,267","193,333,333"
"May , 2033","1,575,000","4,000,000","198,112,733","350,000,000","297,887,267","195,000,000"
"Jun , 2033","1,587,500","4,000,000","198,112,733","350,000,000","297,887,267","196,666,667"
"Jul , 2033","1,600,000","4,000,000","198,112,733","350,000,000","297,887,267","198,333,333"
"Aug , 2033","1,612,500","4,000,000","198,112,733","350,000,000","297,887,267","200,000,000"
"Sep , 2033","1,625,000","4,000,000","198,112,733","350,000,000","297,887,267","201,666,667"
"Oct , 2033","1,637,500","4,000,000","198,112,733","350,000,000","297,887,267","203,333,333"
"Nov , 2033","1,650,000","4,000,000","198,112,733","350,000,000","297,887,267","205,000,000"
"Dec , 2033","1,662,500","4,000,000","198,112,733","350,000,000","297,887,267","206,666,667"
"Jan , 2034","1,675,000","4,000,000","198,112,733","350,000,000","297,887,267","208,333,333"
"Feb , 2034","1,687,500","4,000,000","198,112,733","350,000,000","297,887,267","210,000,000"
"Mar , 2034","1,700,000","4,000,000","198,112,733","350,000,000","297,887,267","211,666,667"
"Apr , 2034","1,712,500","4,000,000","198,112,733","350,000,000","297,887,267","213,333,333"
"May , 2034","1,725,000","4,000,000","198,112,733","350,000,000","297,887,267","215,000,000"
"Jun , 2034","1,737,500","4,000,000","198,112,733","350,000,000","297,887,267","216,666,667"
"Jul , 2034","1,750,000","4,000,000","198,112,733","350,000,000","297,887,267","218,333,333"
"Aug , 2034","1,762,500","4,000,000","198,112,733","350,000,000","297,887,267","220,000,000"
"Sep , 2034","1,775,000","4,000,000","198,112,733","350,000,000","297,887,267","221,666,667"
"Oct , 2034","1,787,500","4,000,000","198,112,733","350,000,000","297,887,267","223,333,333"
"Nov , 2034","1,800,000","4,000,000","198,112,733","350,000,000","297,887,267","225,000,000"
"Dec , 2034","1,812,500","4,000,000","198,112,733","350,000,000","297,887,267","226,666,667"
"Jan , 2035","1,825,000","4,000,000","198,112,733","350,000,000","297,887,267","228,333,333"
"Feb , 2035","1,837,500","4,000,000","198,112,733","350,000,000","297,887,267","230,000,000"
"Mar , 2035","1,850,000","4,000,000","198,112,733","350,000,000","297,887,267","231,666,667"
"Apr , 2035","1,862,500","4,000,000","198,112,733","350,000,000","297,887,267","233,333,333"
"May , 2035","1,875,000","4,000,000","198,112,733","350,000,000","297,887,267","235,000,000"
"Jun , 2035","1,887,500","4,000,000","198,112,733","350,000,000","297,887,267","236,666,667"
"Jul , 2035","1,900,000","4,000,000","198,112,733","350,000,000","297,887,267","238,333,333"
"Aug , 2035","1,912,500","4,000,000","198,112,733","350,000,000","297,887,267","240,000,000"
"Sep , 2035","1,925,000","4,000,000","198,112,733","350,000,000","297,887,267","241,666,667"
"Oct , 2035","1,937,500","4,000,000","198,112,733","350,000,000","297,887,267","243,333,333"
"Nov , 2035","1,950,000","4,000,000","198,112,733","350,000,000","297,887,267","245,000,000"
"Dec , 2035","1,962,500","4,000,000","198,112,733","350,000,000","297,887,267","246,666,667"
"Jan , 2036","1,975,000","4,000,000","198,112,733","350,000,000","297,887,267","248,333,333"
"Feb , 2036","1,987,500","4,000,000","198,112,733","350,000,000","297,887,267","250,000,000"
"Mar , 2036","2,000,000","4,000,000","198,112,733","350,000,000","297,887,267","251,666,667"
"Apr , 2036","2,012,500","4,000,000","198,112,733","350,000,000","297,887,267","253,333,333"
"May , 2036","2,025,000","4,000,000","198,112,733","350,000,000","297,887,267","255,000,000"
"Jun , 2036","2,037,500","4,000,000","198,112,733","350,000,000","297,887,267","256,666,667"
"Jul , 2036","2,050,000","4,000,000","198,112,733","350,000,000","297,887,267","258,333,333"
"Aug , 2036","2,062,500","4,000,000","198,112,733","350,000,000","297,887,267","260,000,000"
"Sep , 2036","2,075,000","4,000,000","198,112,733","350,000,000","297,887,267","261,666,667"
"Oct , 2036","2,087,500","4,000,000","198,112,733","350,000,000","297,887,267","263,333,333"
"Nov , 2036","2,100,000","4,000,000","198,112,733","350,000,000","297,887,267","265,000,000"
"Dec , 2036","2,112,500","4,000,000","198,112,733","350,000,000","297,887,267","266,666,667"
"Jan , 2037","2,125,000","4,000,000","198,112,733","350,000,000","297,887,267","268,333,333"
"Feb , 2037","2,137,500","4,000,000","198,112,733","350,000,000","297,887,267","270,000,000"
"Mar , 2037","2,150,000","4,000,000","198,112,733","350,000,000","297,887,267","271,666,667"
"Apr , 2037","2,162,500","4,000,000","198,112,733","350,000,000","297,887,267","273,333,333"
"May , 2037","2,175,000","4,000,000","198,112,733","350,000,000","297,887,267","275,000,000"
"Jun , 2037","2,187,500","4,000,000","198,112,733","350,000,000","297,887,267","276,666,667"
"Jul , 2037","2,200,000","4,000,000","198,112,733","350,000,000","297,887,267","278,333,333"
"Aug , 2037","2,212,500","4,000,000","198,112,733","350,000,000","297,887,267","280,000,000"
"Sep , 2037","2,225,000","4,000,000","198,112,733","350,000,000","297,887,267","281,666,667"
"Oct , 2037","2,237,500","4,000,000","198,112,733","350,000,000","297,887,267","283,333,333"
"Nov , 2037","2,250,000","4,000,000","198,112,733","350,000,000","297,887,267","285,000,000"
"Dec , 2037","2,262,500","4,000,000","198,112,733","350,000,000","297,887,267","286,666,667"
"Jan , 2038","2,275,000","4,000,000","198,112,733","350,000,000","297,887,267","288,333,333"
"Feb , 2038","2,287,500","4,000,000","198,112,733","350,000,000","297,887,267","290,000,000"
"Mar , 2038","2,300,000","4,000,000","198,112,733","350,000,000","297,887,267","291,666,667"
"Apr , 2038","2,312,500","4,000,000","198,112,733","350,000,000","297,887,267","293,333,333"
"May , 2038","2,325,000","4,000,000","198,112,733","350,000,000","297,887,267","295,000,000"
"Jun , 2038","2,337,500","4,000,000","198,112,733","350,000,000","297,887,267","296,666,667"
"Jul , 2038","2,350,000","4,000,000","198,112,733","350,000,000","297,887,267","298,333,333"
"Aug , 2038","2,362,500","4,000,000","198,112,733","350,000,000","297,887,267","300,000,000"
"Sep , 2038","2,375,000","4,000,000","198,112,733","350,000,000","297,887,267","301,666,667"
"Oct , 2038","2,387,500","4,000,000","198,112,733","350,000,000","297,887,267","303,333,333"
"Nov , 2038","2,400,000","4,000,000","198,112,733","350,000,000","297,887,267","305,000,000"
"Dec , 2038","2,412,500","4,000,000","198,112,733","350,000,000","297,887,267","306,666,667"
"Jan , 2039","2,425,000","4,000,000","198,112,733","350,000,000","297,887,267","308,333,333"
"Feb , 2039","2,437,500","4,000,000","198,112,733","350,000,000","297,887,267","310,000,000"
"Mar , 2039","2,450,000","4,000,000","198,112,733","350,000,000","297,887,267","311,666,667"
"Apr , 2039","2,462,500","4,000,000","198,112,733","350,000,000","297,887,267","313,333,333"
"May , 2039","2,475,000","4,000,000","198,112,733","350,000,000","297,887,267","315,000,000"
"Jun , 2039","2,487,500","4,000,000","198,112,733","350,000,000","297,887,267","316,666,667"
"Jul , 2039","2,500,000","4,000,000","198,112,733","350,000,000","297,887,267","318,333,333"
"Aug , 2039","2,512,500","4,000,000","198,112,733","350,000,000","297,887,267","320,000,000"
"Sep , 2039","2,525,000","4,000,000","198,112,733","350,000,000","297,887,267","321,666,667"
"Oct , 2039","2,537,500","4,000,000","198,112,733","350,000,000","297,887,267","323,333,333"
"Nov , 2039","2,550,000","4,000,000","198,112,733","350,000,000","297,887,267","325,000,000"
"Dec , 2039","2,562,500","4,000,000","198,112,733","350,000,000","297,887,267","326,666,667"
"Jan , 2040","2,575,000","4,000,000","198,112,733","350,000,000","297,887,267","328,333,333"
"Feb , 2040","2,587,500","4,000,000","198,112,733","350,000,000","297,887,267","330,000,000"
"Mar , 2040","2,600,000","4,000,000","198,112,733","350,000,000","297,887,267","331,666,667"
"Apr , 2040","2,612,500","4,000,000","198,112,733","350,000,000","297,887,267","333,333,333"
"May , 2040","2,625,000","4,000,000","198,112,733","350,000,000","297,887,267","335,000,000"
"Jun , 2040","2,637,500","4,000,000","198,112,733","350,000,000","297,887,267","336,666,667"
"Jul , 2040","2,650,000","4,000,000","198,112,733","350,000,000","297,887,267","338,333,333"
"Aug , 2040","2,662,500","4,000,000","198,112,733","350,000,000","297,887,267","340,000,000"
"Sep , 2040","2,675,000","4,000,000","198,112,733","350,000,000","297,887,267","341,666,667"
"Oct , 2040","2,687,500","4,000,000","198,112,733","350,000,000","297,887,267","343,333,333"
"Nov , 2040","2,700,000","4,000,000","198,112,733","350,000,000","297,887,267","345,000,000"
"Dec , 2040","2,712,500","4,000,000","198,112,733","350,000,000","297,887,267","346,666,667"
"Jan , 2041","2,725,000","4,000,000","198,112,733","350,000,000","297,887,267","348,333,333"
"Feb , 2041","2,737,500","4,000,000","198,112,733","350,000,000","297,887,267","350,000,000"
"Mar , 2041","2,750,000","4,000,000","198,112,733","350,000,000","297,887,267","351,666,667"
"Apr , 2041","2,762,500","4,000,000","198,112,733","350,000,000","297,887,267","353,333,333"
"May , 2041","2,775,000","4,000,000","198,112,733","350,000,000","297,887,267","355,000,000"
"Jun , 2041","2,787,500","4,000,000","198,112,733","350,000,000","297,887,267","356,666,667"
"Jul , 2041","2,800,000","4,000,000","198,112,733","350,000,000","297,887,267","358,333,333"
"Aug , 2041","2,812,500","4,000,000","198,112,733","350,000,000","297,887,267","360,000,000"
"Sep , 2041","2,825,000","4,000,000","198,112,733","350,000,000","297,887,267","361,666,667"
"Oct , 2041","2,837,500","4,000,000","198,112,733","350,000,000","297,887,267","363,333,333"
"Nov , 2041","2,850,000","4,000,000","198,112,733","350,000,000","297,887,267","365,000,000"
"Dec , 2041","2,862,500","4,000,000","198,112,733","350,000,000","297,887,267","366,666,667"
"Jan , 2042","2,875,000","4,000,000","198,112,733","350,000,000","297,887,267","368,333,333"
"Feb , 2042","2,887,500","4,000,000","198,112,733","350,000,000","297,887,267","370,000,000"
"Mar , 2042","2,900,000","4,000,000","198,112,733","350,000,000","297,887,267","371,666,667"
"Apr , 2042","2,912,500","4,000,000","198,112,733","350,000,000","297,887,267","373,333,333"
"May , 2042","2,925,000","4,000,000","198,112,733","350,000,000","297,887,267","375,000,000"
"Jun , 2042","2,937,500","4,000,000","198,112,733","350,000,000","297,887,267","376,666,667"
"Jul , 2042","2,950,000","4,000,000","198,112,733","350,000,000","297,887,267","378,333,333"
"Aug , 2042","2,962,500","4,000,000","198,112,733","350,000,000","297,887,267","380,000,000"
"Sep , 2042","2,975,000","4,000,000","198,112,733","350,000,000","297,887,267","381,666,667"
"Oct , 2042","2,987,500","4,000,000","198,112,733","350,000,000","297,887,267","383,333,333"
"Nov , 2042","3,000,000","4,000,000","198,112,733","350,000,000","297,887,267","385,000,000"
"Dec , 2042","3,012,500","4,000,000","198,112,733","350,000,000","297,887,267","386,666,667"
"Jan , 2043","3,025,000","4,000,000","198,112,733","350,000,000","297,887,267","388,333,333"
"Feb , 2043","3,037,500","4,000,000","198,112,733","350,000,000","297,887,267","390,000,000"
"Mar , 2043","3,050,000","4,000,000","198,112,733","350,000,000","297,887,267","391,666,667"
"Apr , 2043","3,062,500","4,000,000","198,112,733","350,000,000","297,887,267","393,333,333"
"May , 2043","3,075,000","4,000,000","198,112,733","350,000,000","297,887,267","395,000,000"
"Jun , 2043","3,087,500","4,000,000","198,112,733","350,000,000","297,887,267","396,666,667"
"Jul , 2043","3,100,000","4,000,000","198,112,733","350,000,000","297,887,267","398,333,333"
"Aug , 2043","3,112,500","4,000,000","198,112,733","350,000,000","297,887,267","400,000,000"
"Sep , 2043","3,125,000","4,000,000","198,112,733","350,000,000","297,887,267","401,666,667"
"Oct , 2043","3,137,500","4,000,000","198,112,733","350,000,000","297,887,267","403,333,333"
"Nov , 2043","3,150,000","4,000,000","198,112,733","350,000,000","297,887,267","405,000,000"
"Dec , 2043","3,162,500","4,000,000","198,112,733","350,000,000","297,887,267","406,666,667"
"Jan , 2044","3,175,000","4,000,000","198,112,733","350,000,000","297,887,267","408,333,333"
"Feb , 2044","3,187,500","4,000,000","198,112,733","350,000,000","297,887,267","410,000,000"
"Mar , 2044","3,200,000","4,000,000","198,112,733","350,000,000","297,887,267","411,666,667"
"Apr , 2044","3,212,500","4,000,000","198,112,733","350,000,000","297,887,267","413,333,333"
"May , 2044","3,225,000","4,000,000","198,112,733","350,000,000","297,887,267","415,000,000"
"Jun , 2044","3,237,500","4,000,000","198,112,733","350,000,000","297,887,267","416,666,667"
"Jul , 2044","3,250,000","4,000,000","198,112,733","350,000,000","297,887,267","418,333,333"
"Aug , 2044","3,262,500","4,000,000","198,112,733","350,000,000","297,887,267","420,000,000"
"Sep , 2044","3,275,000","4,000,000","198,112,733","350,000,000","297,887,267","421,666,667"
"Oct , 2044","3,287,500","4,000,000","198,112,733","350,000,000","297,887,267","423,333,333"
"Nov , 2044","3,300,000","4,000,000","198,112,733","350,000,000","297,887,267","425,000,000"
"Dec , 2044","3,312,500","4,000,000","198,112,733","350,000,000","297,887,267","426,666,667"
"Jan , 2045","3,325,000","4,000,000","198,112,733","350,000,000","297,887,267","428,333,333"
"Feb , 2045","3,337,500","4,000,000","198,112,733","350,000,000","297,887,267","430,000,000"
"Mar , 2045","3,350,000","4,000,000","198,112,733","350,000,000","297,887,267","431,666,667"
"Apr , 2045","3,362,500","4,000,000","198,112,733","350,000,000","297,887,267","433,333,333"
"May , 2045","3,375,000","4,000,000","198,112,733","350,000,000","297,887,267","435,000,000"
"Jun , 2045","3,387,500","4,000,000","198,112,733","350,000,000","297,887,267","436,666,667"
"Jul , 2045","3,400,000","4,000,000","198,112,733","350,000,000","297,887,267","438,333,333"
"Aug , 2045","3,412,500","4,000,000","198,112,733","350,000,000","297,887,267","440,000,000"
"Sep , 2045","3,425,000","4,000,000","198,112,733","350,000,000","297,887,267","441,666,667"
"Oct , 2045","3,437,500","4,000,000","198,112,733","350,000,000","297,887,267","443,333,333"
"Nov , 2045","3,450,000","4,000,000","198,112,733","350,000,000","297,887,267","445,000,000"
"Dec , 2045","3,462,500","4,000,000","198,112,733","350,000,000","297,887,267","446,666,667"
"Jan , 2046","3,475,000","4,000,000","198,112,733","350,000,000","297,887,267","448,333,333"
"Feb , 2046","3,487,500","4,000,000","198,112,733","350,000,000","297,887,267","450,000,000"
"Mar , 2046","3,500,000","4,000,000","198,112,733","350,000,000","297,887,267","451,666,667"
"Apr , 2046","3,512,500","4,000,000","198,112,733","350,000,000","297,887,267","453,333,333"
"May , 2046","3,525,000","4,000,000","198,112,733","350,000,000","297,887,267","455,000,000"
"Jun , 2046","3,537,500","4,000,000","198,112,733","350,000,000","297,887,267","456,666,667"
"Jul , 2046","3,550,000","4,000,000","198,112,733","350,000,000","297,887,267","458,333,333"
"Aug , 2046","3,562,500","4,000,000","198,112,733","350,000,000","297,887,267","460,000,000"
"Sep , 2046","3,575,000","4,000,000","198,112,733","350,000,000","297,887,267","461,666,667"
"Oct , 2046","3,587,500","4,000,000","198,112,733","350,000,000","297,887,267","463,333,333"
"Nov , 2046","3,600,000","4,000,000","198,112,733","350,000,000","297,887,267","465,000,000"
"Dec , 2046","3,612,500","4,000,000","198,112,733","350,000,000","297,887,267","466,666,667"
"Jan , 2047","3,625,000","4,000,000","198,112,733","350,000,000","297,887,267","468,333,333"
"Feb , 2047","3,637,500","4,000,000","198,112,733","350,000,000","297,887,267","470,000,000"
"Mar , 2047","3,650,000","4,000,000","198,112,733","350,000,000","297,887,267","471,666,667"
"Apr , 2047","3,662,500","4,000,000","198,112,733","350,000,000","297,887,267","473,333,333"
"May , 2047","3,675,000","4,000,000","198,112,733","350,000,000","297,887,267","475,000,000"
"Jun , 2047","3,687,500","4,000,000","198,112,733","350,000,000","297,887,267","476,666,667"
"Jul , 2047","3,700,000","4,000,000","198,112,733","350,000,000","297,887,267","478,333,333"
"Aug , 2047","3,712,500","4,000,000","198,112,733","350,000,000","297,887,267","480,000,000"
"Sep , 2047","3,725,000","4,000,000","198,112,733","350,000,000","297,887,267","481,666,667"
"Oct , 2047","3,737,500","4,000,000","198,112,733","350,000,000","297,887,267","483,333,333"
"Nov , 2047","3,750,000","4,000,000","198,112,733","350,000,000","297,887,267","485,000,000"
"Dec , 2047","3,762,500","4,000,000","198,112,733","350,000,000","297,887,267","486,666,667"
"Jan , 2048","3,775,000","4,000,000","198,112,733","350,000,000","297,887,267","488,333,333"
"Feb , 2048","3,787,500","4,000,000","198,112,733","350,000,000","297,887,267","490,000,000"
"Mar , 2048","3,800,000","4,000,000","198,112,733","350,000,000","297,887,267","491,666,667"
"Apr , 2048","3,812,500","4,000,000","198,112,733","350,000,000","297,887,267","493,333,333"
"May , 2048","3,825,000","4,000,000","198,112,733","350,000,000","297,887,267","495,000,000"
"Jun , 2048","3,837,500","4,000,000","198,112,733","350,000,000","297,887,267","496,666,667"
"Jul , 2048","3,850,000","4,000,000","198,112,733","350,000,000","297,887,267","498,333,333"
"Aug , 2048","3,862,500","4,000,000","198,112,733","350,000,000","297,887,267","500,000,000"
"Sep , 2048","3,875,000","4,000,000","198,112,733","350,000,000","297,887,267","501,666,667"
"Oct , 2048","3,887,500","4,000,000","198,112,733","350,000,000","297,887,267","503,333,333"
"Nov , 2048","3,900,000","4,000,000","198,112,733","350,000,000","297,887,267","505,000,000"
"Dec , 2048","3,912,500","4,000,000","198,112,733","350,000,000","297,887,267","506,666,667"
"Jan , 2049","3,925,000","4,000,000","198,112,733","350,000,000","297,887,267","508,333,333"
"Feb , 2049","3,937,500","4,000,000","198,112,733","350,000,000","297,887,267","510,000,000"
"Mar , 2049","3,950,000","4,000,000","198,112,733","350,000,000","297,887,267","511,666,667"
"Apr , 2049","3,962,500","4,000,000","198,112,733","350,000,000","297,887,267","513,333,333"
"May , 2049","3,975,000","4,000,000","198,112,733","350,000,000","297,887,267","515,000,000"
"Jun , 2049","3,987,500","4,000,000","198,112,733","350,000,000","297,887,267","516,666,667"
"Jul , 2049","4,000,000","4,000,000","198,112,733","350,000,000","297,887,267","518,333,333"
"Aug , 2049","4,012,500","4,000,000","198,112,733","350,000,000","297,887,267","520,000,000"
"Sep , 2049","4,025,000","4,000,000","198,112,733","350,000,000","297,887,267","521,666,667"
"Oct , 2049","4,037,500","4,000,000","198,112,733","350,000,000","297,887,267","523,333,333"
"Nov , 2049","4,050,000","4,000,000","198,112,733","350,000,000","297,887,267","525,000,000"
"Dec , 2049","4,062,500","4,000,000","198,112,733","350,000,000","297,887,267","526,666,667"
"Jan , 2050","4,075,000","4,000,000","198,112,733","350,000,000","297,887,267","528,333,333"
"Feb , 2050","4,087,500","4,000,000","198,112,733","350,000,000","297,887,267","530,000,000"
"Mar , 2050","4,100,000","4,000,000","198,112,733","350,000,000","297,887,267","531,666,667"
"Apr , 2050","4,112,500","4,000,000","198,112,733","350,000,000","297,887,267","533,333,333"
"May , 2050","4,125,000","4,000,000","198,112,733","350,000,000","297,887,267","535,000,000"
"Jun , 2050","4,137,500","4,000,000","198,112,733","350,000,000","297,887,267","536,666,667"
"Jul , 2050","4,150,000","4,000,000","198,112,733","350,000,000","297,887,267","538,333,333"
"Aug , 2050","4,162,500","4,000,000","198,112,733","350,000,000","297,887,267","540,000,000"
"Sep , 2050","4,175,000","4,000,000","198,112,733","350,000,000","297,887,267","541,666,667"
"Oct , 2050","4,187,500","4,000,000","198,112,733","350,000,000","297,887,267","543,333,333"
"Nov , 2050","4,200,000","4,000,000","198,112,733","350,000,000","297,887,267","545,000,000"
"Dec , 2050","4,212,500","4,000,000","198,112,733","350,000,000","297,887,267","546,666,667"